A2Z.ph;A2Z.ph
Abc Australia.ph;Abc Australia.ph
Aljazeera.ph;Aljazeera.ph
Animal Planet.ph;Animal Planet.ph
Animax.ph;Animax.ph
Arirang.ph;Arirang.ph
Asianfoodnetwork.ph;Asianfoodnetwork.ph
Axn.ph;Axn.ph
Bbcearth Hd.ph;Bbcearth Hd.ph
Bbcworld News.ph;Bbcworld News.ph
Bilyonaryoch.ph;Bilyonaryoch.ph
Bloomberg.ph;Bloomberg.ph
Blueant Extreme.ph;Blueant Extreme.ph
Buko.ph;Buko.ph
Cartoon Net Hd.ph;Cartoon Net Hd.ph
Cctv4.ph;Cctv4.ph
Cg Cinemax.ph;Cg Cinemax.ph
Cg Dreamworktag.ph;Cg Dreamworktag.ph
Cg Hbofam.ph;Cg Hbofam.ph
Cg Hbohd.ph;Cg Hbohd.ph
Cg Hbohits.ph;Cg Hbohits.ph
Cg Hbosign.ph;Cg Hbosign.ph
Cg Hitsnow.ph;Cg Hitsnow.ph
Cg Mptv.ph;Cg Mptv.ph
Cg Tagalogmovie.ph;Cg Tagalogmovie.ph
Cg Tvnmovie.ph;Cg Tvnmovie.ph
Cg Tvnpre.ph;Cg Tvnpre.ph
Cgnl Nba.ph;Cgnl Nba.ph
Cgtn.ph;Cgtn.ph
Channelnews Asia.ph;Channelnews Asia.ph
Cnn Hd.ph;Cnn Hd.ph
Crime Investigation.ph;Crime Investigation.ph
Depedchannel.ph;Depedchannel.ph
Discovery.ph;Discovery.ph
Dreamworks Hd.ph;Dreamworks Hd.ph
Fashiontv Hd.ph;Fashiontv Hd.ph
Foodnetwork Hd.ph;Foodnetwork Hd.ph
France24.ph;France24.ph
Hgtv Hd.ph;Hgtv Hd.ph
History Hd.ph;History Hd.ph
Hits Hd.ph;Hits Hd.ph
Hits Movies.ph;Hits Movies.ph
Ibc13.ph;Ibc13.ph
Kbs World.ph;Kbs World.ph
Kix Hd.ph;Kix Hd.ph
Knowledge Channel.ph;Knowledge Channel.ph
Lifetime.ph;Lifetime.ph
Lotusmacau Prd.ph;Lotusmacau Prd.ph
Moonbug Kids.ph;Moonbug Kids.ph
Nbn4.ph;Nbn4.ph
Nhk Japan.ph;Nhk Japan.ph
Nickelodeon.ph;Nickelodeon.ph
Nickjr.ph;Nickjr.ph
Onenews Hd.ph;Onenews Hd.ph
Oneph.ph;Oneph.ph
Onesports.ph;Onesports.ph
Onesportsplus Hd.ph;Onesportsplus Hd.ph
Pbarush Hd.ph;Pbarush Hd.ph
Pbo.ph;Pbo.ph
Premier Tennishd.ph;Premier Tennishd.ph
Premiersports Hd.ph;Premiersports Hd.ph
Rock Entertainment.ph;Rock Entertainment.ph
Rptv.ph;Rptv.ph
Sari Sari.ph;Sari Sari.ph
Spotv Hd.ph;Spotv Hd.ph
Spotv Hd2.ph;Spotv Hd2.ph
Tap Sports.ph;Tap Sports.ph
Tapactionflix Hd.ph;Tapactionflix Hd.ph
Tapmovies Hd.ph;Tapmovies Hd.ph
Taptv.ph;Taptv.ph
Tech Storm.ph;Tech Storm.ph
Thrill.ph;Thrill.ph
Travel Channel.ph;Travel Channel.ph
Truefmtv.ph;Truefmtv.ph
Tv5 Monde.ph;Tv5 Monde.ph
Tv5.ph;Tv5.ph
Tvmaria Prd.ph;Tvmaria Prd.ph
Tvup Prd.ph;Tvup Prd.ph
Uaap Varsity.ph;Uaap Varsity.ph
Viva.ph;Viva.ph
Warnertv Hd.ph;Warnertv Hd.ph